time,exp1_s1,exp1_s1_Distorted
0,0,0
0,0,0
0,0,0
0,0,0
0,0,0
0,0,0
0,0,0
0,0,0
0,0,0
0,0,0
0.201005025125628,0,0
0.201005025125628,0,0
0.201005025125628,0,0
0.201005025125628,0,0
0.201005025125628,0,0
0.201005025125628,1,1
0.201005025125628,0,0
0.201005025125628,1,1
0.201005025125628,0,0
0.201005025125628,1,1
0.402010050251256,0,0
0.402010050251256,0,0
0.402010050251256,1,1
0.402010050251256,0,0
0.402010050251256,1,1
0.402010050251256,1,1
0.402010050251256,1,1
0.402010050251256,0,0
0.402010050251256,1,1
0.402010050251256,0,0
0.603015075376884,0,0
0.603015075376884,0,0
0.603015075376884,1,1
0.603015075376884,1,1
0.603015075376884,0,0
0.603015075376884,0,0
0.603015075376884,1,1
0.603015075376884,1,1
0.603015075376884,3,3
0.603015075376884,0,0
0.804020100502513,2,2
0.804020100502513,1,1
0.804020100502513,0,0
0.804020100502513,1,1
0.804020100502513,0,0
0.804020100502513,1,1
0.804020100502513,1,1
0.804020100502513,0,0
0.804020100502513,2,2
0.804020100502513,2,2
1.00502512562814,0,0
1.00502512562814,1,1
1.00502512562814,1,1
1.00502512562814,1,1
1.00502512562814,1,1
1.00502512562814,2,1
1.00502512562814,1,1
1.00502512562814,1,1
1.00502512562814,3,2
1.00502512562814,1,1
1.20603015075377,2,2
1.20603015075377,0,0
1.20603015075377,1,1
1.20603015075377,1,1
1.20603015075377,3,3
1.20603015075377,0,0
1.20603015075377,1,1
1.20603015075377,1,1
1.20603015075377,0,0
1.20603015075377,3,3
1.4070351758794,3,3
1.4070351758794,1,1
1.4070351758794,2,2
1.4070351758794,0,0
1.4070351758794,1,1
1.4070351758794,0,0
1.4070351758794,1,1
1.4070351758794,2,2
1.4070351758794,0,0
1.4070351758794,1,1
1.60804020100503,1,1
1.60804020100503,1,1
1.60804020100503,2,2
1.60804020100503,5,5
1.60804020100503,0,0
1.60804020100503,1,1
1.60804020100503,2,2
1.60804020100503,1,1
1.60804020100503,4,4
1.60804020100503,4,4
1.80904522613065,2,2
1.80904522613065,3,3
1.80904522613065,1,1
1.80904522613065,2,1
1.80904522613065,5,5
1.80904522613065,2,2
1.80904522613065,4,4
1.80904522613065,2,2
1.80904522613065,1,1
1.80904522613065,2,2
2.01005025125628,3,2
2.01005025125628,1,1
2.01005025125628,1,1
2.01005025125628,6,5
2.01005025125628,1,1
2.01005025125628,2,2
2.01005025125628,4,3
2.01005025125628,6,6
2.01005025125628,2,1
2.01005025125628,0,0
2.21105527638191,0,0
2.21105527638191,2,2
2.21105527638191,2,1
2.21105527638191,5,5
2.21105527638191,3,3
2.21105527638191,2,2
2.21105527638191,2,2
2.21105527638191,1,1
2.21105527638191,5,5
2.21105527638191,2,2
2.41206030150754,0,0
2.41206030150754,3,3
2.41206030150754,2,1
2.41206030150754,0,0
2.41206030150754,4,4
2.41206030150754,1,1
2.41206030150754,1,1
2.41206030150754,0,0
2.41206030150754,1,0
2.41206030150754,1,1
2.61306532663317,3,3
2.61306532663317,0,0
2.61306532663317,1,1
2.61306532663317,1,1
2.61306532663317,4,4
2.61306532663317,2,2
2.61306532663317,3,3
2.61306532663317,3,3
2.61306532663317,3,3
2.61306532663317,1,1
2.81407035175879,6,5
2.81407035175879,4,4
2.81407035175879,0,0
2.81407035175879,2,2
2.81407035175879,2,2
2.81407035175879,3,3
2.81407035175879,1,1
2.81407035175879,3,3
2.81407035175879,3,3
2.81407035175879,3,3
3.01507537688442,2,2
3.01507537688442,0,0
3.01507537688442,2,2
3.01507537688442,2,2
3.01507537688442,1,1
3.01507537688442,2,2
3.01507537688442,2,2
3.01507537688442,3,3
3.01507537688442,4,4
3.01507537688442,3,2
3.21608040201005,5,4
3.21608040201005,0,0
3.21608040201005,1,1
3.21608040201005,2,1
3.21608040201005,6,5
3.21608040201005,4,2
3.21608040201005,2,2
3.21608040201005,2,2
3.21608040201005,0,0
3.21608040201005,4,4
3.41708542713568,3,3
3.41708542713568,1,1
3.41708542713568,2,2
3.41708542713568,1,1
3.41708542713568,4,3
3.41708542713568,2,2
3.41708542713568,6,6
3.41708542713568,0,0
3.41708542713568,4,4
3.41708542713568,3,3
3.61809045226131,3,3
3.61809045226131,4,4
3.61809045226131,4,3
3.61809045226131,1,1
3.61809045226131,5,4
3.61809045226131,0,0
3.61809045226131,2,2
3.61809045226131,1,1
3.61809045226131,6,5
3.61809045226131,1,1
3.81909547738693,3,3
3.81909547738693,4,3
3.81909547738693,4,4
3.81909547738693,5,5
3.81909547738693,1,0
3.81909547738693,5,5
3.81909547738693,3,3
3.81909547738693,4,4
3.81909547738693,2,2
3.81909547738693,3,3
4.02010050251256,4,4
4.02010050251256,7,7
4.02010050251256,3,3
4.02010050251256,1,1
4.02010050251256,1,1
4.02010050251256,4,4
4.02010050251256,5,5
4.02010050251256,4,4
4.02010050251256,2,2
4.02010050251256,6,5
4.22110552763819,3,3
4.22110552763819,7,6
4.22110552763819,1,1
4.22110552763819,2,2
4.22110552763819,5,5
4.22110552763819,6,6
4.22110552763819,5,5
4.22110552763819,2,2
4.22110552763819,2,2
4.22110552763819,5,5
4.42211055276382,5,4
4.42211055276382,2,2
4.42211055276382,2,2
4.42211055276382,3,2
4.42211055276382,5,5
4.42211055276382,5,4
4.42211055276382,4,4
4.42211055276382,4,4
4.42211055276382,2,2
4.42211055276382,4,4
4.62311557788945,5,5
4.62311557788945,3,3
4.62311557788945,3,3
4.62311557788945,3,3
4.62311557788945,2,2
4.62311557788945,4,4
4.62311557788945,6,6
4.62311557788945,6,5
4.62311557788945,5,5
4.62311557788945,2,2
4.82412060301507,5,4
4.82412060301507,2,1
4.82412060301507,2,2
4.82412060301507,2,2
4.82412060301507,2,2
4.82412060301507,4,3
4.82412060301507,1,1
4.82412060301507,6,6
4.82412060301507,5,5
4.82412060301507,7,7
5.0251256281407,4,4
5.0251256281407,5,4
5.0251256281407,6,6
5.0251256281407,4,3
5.0251256281407,3,3
5.0251256281407,8,8
5.0251256281407,1,1
5.0251256281407,3,2
5.0251256281407,8,8
5.0251256281407,3,3
5.22613065326633,3,3
5.22613065326633,2,2
5.22613065326633,7,7
5.22613065326633,2,2
5.22613065326633,3,3
5.22613065326633,7,7
5.22613065326633,4,4
5.22613065326633,5,5
5.22613065326633,4,4
5.22613065326633,5,5
5.42713567839196,1,1
5.42713567839196,4,4
5.42713567839196,1,1
5.42713567839196,6,6
5.42713567839196,3,3
5.42713567839196,6,6
5.42713567839196,3,3
5.42713567839196,4,4
5.42713567839196,8,8
5.42713567839196,1,1
5.62814070351759,1,1
5.62814070351759,1,1
5.62814070351759,5,5
5.62814070351759,5,5
5.62814070351759,2,2
5.62814070351759,6,5
5.62814070351759,5,5
5.62814070351759,1,1
5.62814070351759,1,1
5.62814070351759,2,2
5.82914572864322,6,6
5.82914572864322,2,2
5.82914572864322,3,3
5.82914572864322,3,3
5.82914572864322,2,2
5.82914572864322,7,7
5.82914572864322,5,5
5.82914572864322,6,6
5.82914572864322,5,4
5.82914572864322,4,4
6.03015075376884,3,3
6.03015075376884,5,4
6.03015075376884,2,2
6.03015075376884,2,2
6.03015075376884,1,1
6.03015075376884,9,8
6.03015075376884,9,7
6.03015075376884,2,2
6.03015075376884,4,4
6.03015075376884,5,4
6.23115577889447,3,3
6.23115577889447,6,5
6.23115577889447,5,5
6.23115577889447,4,4
6.23115577889447,3,3
6.23115577889447,6,5
6.23115577889447,7,6
6.23115577889447,6,6
6.23115577889447,4,3
6.23115577889447,8,7
6.4321608040201,3,2
6.4321608040201,5,5
6.4321608040201,9,9
6.4321608040201,3,3
6.4321608040201,3,3
6.4321608040201,8,8
6.4321608040201,2,2
6.4321608040201,3,3
6.4321608040201,5,5
6.4321608040201,3,3
6.63316582914573,5,4
6.63316582914573,7,7
6.63316582914573,5,5
6.63316582914573,6,6
6.63316582914573,7,7
6.63316582914573,3,3
6.63316582914573,5,5
6.63316582914573,2,2
6.63316582914573,5,5
6.63316582914573,7,7
6.83417085427136,8,8
6.83417085427136,5,5
6.83417085427136,4,4
6.83417085427136,6,5
6.83417085427136,8,8
6.83417085427136,5,4
6.83417085427136,10,10
6.83417085427136,3,3
6.83417085427136,2,2
6.83417085427136,4,3
7.03517587939699,4,4
7.03517587939699,4,4
7.03517587939699,4,3
7.03517587939699,6,6
7.03517587939699,2,1
7.03517587939699,4,3
7.03517587939699,4,4
7.03517587939699,4,4
7.03517587939699,2,2
7.03517587939699,5,5
7.23618090452261,4,3
7.23618090452261,3,3
7.23618090452261,0,0
7.23618090452261,4,4
7.23618090452261,5,5
7.23618090452261,8,7
7.23618090452261,2,2
7.23618090452261,8,7
7.23618090452261,3,2
7.23618090452261,7,7
7.43718592964824,7,7
7.43718592964824,9,8
7.43718592964824,3,3
7.43718592964824,5,4
7.43718592964824,5,5
7.43718592964824,3,2
7.43718592964824,6,6
7.43718592964824,6,4
7.43718592964824,3,3
7.43718592964824,5,5
7.63819095477387,11,11
7.63819095477387,5,5
7.63819095477387,6,6
7.63819095477387,5,5
7.63819095477387,2,2
7.63819095477387,4,4
7.63819095477387,7,7
7.63819095477387,4,3
7.63819095477387,2,1
7.63819095477387,5,5
7.8391959798995,4,3
7.8391959798995,7,7
7.8391959798995,5,5
7.8391959798995,7,7
7.8391959798995,7,7
7.8391959798995,3,3
7.8391959798995,3,3
7.8391959798995,8,7
7.8391959798995,6,6
7.8391959798995,1,1
8.04020100502512,9,9
8.04020100502512,5,5
8.04020100502512,6,6
8.04020100502512,6,6
8.04020100502512,7,6
8.04020100502512,8,8
8.04020100502512,5,5
8.04020100502512,2,2
8.04020100502512,7,7
8.04020100502512,4,4
8.24120603015075,8,8
8.24120603015075,5,5
8.24120603015075,8,7
8.24120603015075,3,3
8.24120603015075,3,3
8.24120603015075,8,7
8.24120603015075,2,2
8.24120603015075,7,7
8.24120603015075,7,7
8.24120603015075,5,5
8.44221105527638,5,4
8.44221105527638,11,11
8.44221105527638,5,5
8.44221105527638,5,5
8.44221105527638,3,3
8.44221105527638,4,4
8.44221105527638,4,4
8.44221105527638,9,7
8.44221105527638,4,4
8.44221105527638,4,4
8.64321608040201,5,5
8.64321608040201,7,7
8.64321608040201,3,3
8.64321608040201,9,9
8.64321608040201,3,3
8.64321608040201,5,5
8.64321608040201,2,2
8.64321608040201,7,7
8.64321608040201,7,6
8.64321608040201,4,4
8.84422110552764,7,7
8.84422110552764,6,5
8.84422110552764,8,8
8.84422110552764,6,6
8.84422110552764,9,8
8.84422110552764,5,5
8.84422110552764,5,5
8.84422110552764,6,6
8.84422110552764,4,3
8.84422110552764,10,10
9.04522613065327,6,6
9.04522613065327,4,4
9.04522613065327,5,5
9.04522613065327,7,7
9.04522613065327,5,5
9.04522613065327,4,4
9.04522613065327,9,9
9.04522613065327,6,5
9.04522613065327,5,5
9.04522613065327,4,4
9.24623115577889,4,4
9.24623115577889,6,6
9.24623115577889,5,4
9.24623115577889,8,8
9.24623115577889,3,3
9.24623115577889,9,9
9.24623115577889,7,6
9.24623115577889,3,3
9.24623115577889,9,8
9.24623115577889,4,3
9.44723618090452,7,7
9.44723618090452,6,6
9.44723618090452,4,4
9.44723618090452,1,1
9.44723618090452,8,8
9.44723618090452,8,8
9.44723618090452,5,3
9.44723618090452,2,2
9.44723618090452,6,6
9.44723618090452,4,4
9.64824120603015,8,8
9.64824120603015,6,6
9.64824120603015,4,4
9.64824120603015,10,10
9.64824120603015,8,7
9.64824120603015,9,9
9.64824120603015,3,3
9.64824120603015,4,3
9.64824120603015,8,7
9.64824120603015,7,7
9.84924623115578,8,7
9.84924623115578,6,5
9.84924623115578,6,6
9.84924623115578,7,7
9.84924623115578,9,9
9.84924623115578,7,6
9.84924623115578,6,6
9.84924623115578,5,5
9.84924623115578,7,7
9.84924623115578,5,5
10.0502512562814,7,6
10.0502512562814,9,8
10.0502512562814,9,9
10.0502512562814,10,10
10.0502512562814,10,10
10.0502512562814,9,7
10.0502512562814,0,0
10.0502512562814,1,1
10.0502512562814,3,3
10.0502512562814,5,5
10.251256281407,2,2
10.251256281407,6,4
10.251256281407,5,5
10.251256281407,7,7
10.251256281407,10,9
10.251256281407,5,5
10.251256281407,5,5
10.251256281407,9,8
10.251256281407,5,4
10.251256281407,4,3
10.4522613065327,6,6
10.4522613065327,9,8
10.4522613065327,6,6
10.4522613065327,8,7
10.4522613065327,7,4
10.4522613065327,6,6
10.4522613065327,6,6
10.4522613065327,11,11
10.4522613065327,3,3
10.4522613065327,5,5
10.6532663316583,6,6
10.6532663316583,7,7
10.6532663316583,10,10
10.6532663316583,6,6
10.6532663316583,6,6
10.6532663316583,8,8
10.6532663316583,6,6
10.6532663316583,9,9
10.6532663316583,6,5
10.6532663316583,6,5
10.8542713567839,6,6
10.8542713567839,5,5
10.8542713567839,3,3
10.8542713567839,3,3
10.8542713567839,10,10
10.8542713567839,5,5
10.8542713567839,9,8
10.8542713567839,8,8
10.8542713567839,10,10
10.8542713567839,11,9
11.0552763819095,4,3
11.0552763819095,6,6
11.0552763819095,13,12
11.0552763819095,7,7
11.0552763819095,10,10
11.0552763819095,6,6
11.0552763819095,2,1
11.0552763819095,7,7
11.0552763819095,5,5
11.0552763819095,7,7
11.2562814070352,8,8
11.2562814070352,7,7
11.2562814070352,7,7
11.2562814070352,6,6
11.2562814070352,5,5
11.2562814070352,6,6
11.2562814070352,2,2
11.2562814070352,7,7
11.2562814070352,12,10
11.2562814070352,4,4
11.4572864321608,3,3
11.4572864321608,10,7
11.4572864321608,5,5
11.4572864321608,2,2
11.4572864321608,9,8
11.4572864321608,4,4
11.4572864321608,10,9
11.4572864321608,4,4
11.4572864321608,6,4
11.4572864321608,7,7
11.6582914572864,7,7
11.6582914572864,8,8
11.6582914572864,8,8
11.6582914572864,6,5
11.6582914572864,4,4
11.6582914572864,9,9
11.6582914572864,5,5
11.6582914572864,8,7
11.6582914572864,10,9
11.6582914572864,3,3
11.8592964824121,12,11
11.8592964824121,3,3
11.8592964824121,9,9
11.8592964824121,9,9
11.8592964824121,3,3
11.8592964824121,7,7
11.8592964824121,11,10
11.8592964824121,6,6
11.8592964824121,9,9
11.8592964824121,7,6
12.0603015075377,9,9
12.0603015075377,9,9
12.0603015075377,3,3
12.0603015075377,5,5
12.0603015075377,8,8
12.0603015075377,7,6
12.0603015075377,13,13
12.0603015075377,9,8
12.0603015075377,7,6
12.0603015075377,5,5
12.2613065326633,5,5
12.2613065326633,10,9
12.2613065326633,7,7
12.2613065326633,9,8
12.2613065326633,4,4
12.2613065326633,10,9
12.2613065326633,2,2
12.2613065326633,11,9
12.2613065326633,11,11
12.2613065326633,7,6
12.4623115577889,4,4
12.4623115577889,5,5
12.4623115577889,8,8
12.4623115577889,10,9
12.4623115577889,3,2
12.4623115577889,9,9
12.4623115577889,12,12
12.4623115577889,6,5
12.4623115577889,8,8
12.4623115577889,6,6
12.6633165829146,5,4
12.6633165829146,9,9
12.6633165829146,9,9
12.6633165829146,6,6
12.6633165829146,8,8
12.6633165829146,6,6
12.6633165829146,4,4
12.6633165829146,2,2
12.6633165829146,7,7
12.6633165829146,6,4
12.8643216080402,6,6
12.8643216080402,6,6
12.8643216080402,5,5
12.8643216080402,6,6
12.8643216080402,8,8
12.8643216080402,5,5
12.8643216080402,8,8
12.8643216080402,7,6
12.8643216080402,7,7
12.8643216080402,5,5
13.0653266331658,5,5
13.0653266331658,8,8
13.0653266331658,6,6
13.0653266331658,8,8
13.0653266331658,12,11
13.0653266331658,9,9
13.0653266331658,8,8
13.0653266331658,12,12
13.0653266331658,9,9
13.0653266331658,8,8
13.2663316582915,12,12
13.2663316582915,3,3
13.2663316582915,6,6
13.2663316582915,14,14
13.2663316582915,9,7
13.2663316582915,7,7
13.2663316582915,8,7
13.2663316582915,7,6
13.2663316582915,6,6
13.2663316582915,5,5
13.4673366834171,6,5
13.4673366834171,3,3
13.4673366834171,7,6
13.4673366834171,6,5
13.4673366834171,13,13
13.4673366834171,8,8
13.4673366834171,10,10
13.4673366834171,7,7
13.4673366834171,7,7
13.4673366834171,10,10
13.6683417085427,15,14
13.6683417085427,7,6
13.6683417085427,12,11
13.6683417085427,9,9
13.6683417085427,8,6
13.6683417085427,13,13
13.6683417085427,10,8
13.6683417085427,13,13
13.6683417085427,8,7
13.6683417085427,6,6
13.8693467336683,7,6
13.8693467336683,11,10
13.8693467336683,2,2
13.8693467336683,5,5
13.8693467336683,7,7
13.8693467336683,8,8
13.8693467336683,4,4
13.8693467336683,8,8
13.8693467336683,11,10
13.8693467336683,4,4
14.070351758794,7,7
14.070351758794,6,6
14.070351758794,14,13
14.070351758794,8,7
14.070351758794,6,6
14.070351758794,5,5
14.070351758794,8,6
14.070351758794,10,9
14.070351758794,10,10
14.070351758794,10,9
14.2713567839196,5,5
14.2713567839196,8,8
14.2713567839196,11,9
14.2713567839196,4,4
14.2713567839196,11,11
14.2713567839196,11,10
14.2713567839196,5,5
14.2713567839196,4,4
14.2713567839196,7,7
14.2713567839196,10,9
14.4723618090452,7,6
14.4723618090452,7,7
14.4723618090452,7,7
14.4723618090452,5,5
14.4723618090452,5,5
14.4723618090452,11,11
14.4723618090452,8,8
14.4723618090452,6,5
14.4723618090452,11,10
14.4723618090452,4,4
14.6733668341709,7,6
14.6733668341709,9,9
14.6733668341709,6,6
14.6733668341709,7,5
14.6733668341709,8,8
14.6733668341709,11,10
14.6733668341709,10,10
14.6733668341709,4,4
14.6733668341709,6,6
14.6733668341709,7,6
14.8743718592965,11,10
14.8743718592965,7,7
14.8743718592965,6,5
14.8743718592965,8,8
14.8743718592965,7,7
14.8743718592965,11,11
14.8743718592965,12,11
14.8743718592965,10,9
14.8743718592965,9,8
14.8743718592965,9,9
15.0753768844221,11,11
15.0753768844221,4,4
15.0753768844221,6,6
15.0753768844221,2,2
15.0753768844221,10,10
15.0753768844221,8,8
15.0753768844221,7,7
15.0753768844221,6,6
15.0753768844221,8,7
15.0753768844221,6,5
15.2763819095477,4,4
15.2763819095477,4,4
15.2763819095477,4,4
15.2763819095477,7,7
15.2763819095477,5,5
15.2763819095477,7,7
15.2763819095477,11,11
15.2763819095477,7,5
15.2763819095477,5,5
15.2763819095477,8,8
15.4773869346734,11,11
15.4773869346734,7,7
15.4773869346734,3,2
15.4773869346734,5,5
15.4773869346734,4,4
15.4773869346734,10,10
15.4773869346734,7,6
15.4773869346734,9,9
15.4773869346734,9,9
15.4773869346734,8,7
15.678391959799,9,9
15.678391959799,11,11
15.678391959799,9,9
15.678391959799,11,11
15.678391959799,8,8
15.678391959799,5,4
15.678391959799,4,4
15.678391959799,9,9
15.678391959799,6,6
15.678391959799,9,9
15.8793969849246,9,9
15.8793969849246,8,7
15.8793969849246,9,9
15.8793969849246,8,8
15.8793969849246,8,8
15.8793969849246,8,8
15.8793969849246,12,12
15.8793969849246,7,7
15.8793969849246,5,5
15.8793969849246,6,6
16.0804020100502,9,9
16.0804020100502,11,10
16.0804020100502,14,13
16.0804020100502,6,6
16.0804020100502,10,10
16.0804020100502,8,8
16.0804020100502,7,7
16.0804020100502,8,6
16.0804020100502,8,7
16.0804020100502,9,9
16.2814070351759,10,10
16.2814070351759,6,6
16.2814070351759,4,3
16.2814070351759,11,10
16.2814070351759,7,7
16.2814070351759,10,9
16.2814070351759,5,4
16.2814070351759,5,5
16.2814070351759,12,12
16.2814070351759,11,11
16.4824120603015,20,18
16.4824120603015,11,11
16.4824120603015,3,3
16.4824120603015,8,8
16.4824120603015,17,15
16.4824120603015,8,8
16.4824120603015,11,10
16.4824120603015,4,4
16.4824120603015,15,15
16.4824120603015,12,12
16.6834170854271,8,8
16.6834170854271,7,6
16.6834170854271,7,7
16.6834170854271,10,10
16.6834170854271,3,3
16.6834170854271,7,7
16.6834170854271,12,11
16.6834170854271,8,7
16.6834170854271,8,8
16.6834170854271,8,8
16.8844221105528,7,7
16.8844221105528,13,11
16.8844221105528,15,14
16.8844221105528,8,8
16.8844221105528,16,15
16.8844221105528,8,7
16.8844221105528,7,7
16.8844221105528,6,6
16.8844221105528,6,6
16.8844221105528,11,11
17.0854271356784,10,10
17.0854271356784,8,7
17.0854271356784,11,11
17.0854271356784,8,8
17.0854271356784,8,8
17.0854271356784,6,5
17.0854271356784,9,7
17.0854271356784,5,5
17.0854271356784,4,4
17.0854271356784,9,7
17.286432160804,9,8
17.286432160804,6,6
17.286432160804,7,5
17.286432160804,9,8
17.286432160804,8,8
17.286432160804,5,5
17.286432160804,5,5
17.286432160804,1,1
17.286432160804,7,7
17.286432160804,8,7
17.4874371859296,5,5
17.4874371859296,9,9
17.4874371859296,3,3
17.4874371859296,5,5
17.4874371859296,13,13
17.4874371859296,14,14
17.4874371859296,3,3
17.4874371859296,8,8
17.4874371859296,11,11
17.4874371859296,6,5
17.6884422110553,11,11
17.6884422110553,11,11
17.6884422110553,9,9
17.6884422110553,1,1
17.6884422110553,7,7
17.6884422110553,12,12
17.6884422110553,10,9
17.6884422110553,7,6
17.6884422110553,9,8
17.6884422110553,6,5
17.8894472361809,9,8
17.8894472361809,15,15
17.8894472361809,11,9
17.8894472361809,7,7
17.8894472361809,10,10
17.8894472361809,7,6
17.8894472361809,15,15
17.8894472361809,5,5
17.8894472361809,6,6
17.8894472361809,11,10
18.0904522613065,5,5
18.0904522613065,8,8
18.0904522613065,11,10
18.0904522613065,10,9
18.0904522613065,5,4
18.0904522613065,8,7
18.0904522613065,7,7
18.0904522613065,8,7
18.0904522613065,9,6
18.0904522613065,5,5
18.2914572864322,12,10
18.2914572864322,9,9
18.2914572864322,6,6
18.2914572864322,9,9
18.2914572864322,13,12
18.2914572864322,11,10
18.2914572864322,10,10
18.2914572864322,8,8
18.2914572864322,6,6
18.2914572864322,9,8
18.4924623115578,6,5
18.4924623115578,7,6
18.4924623115578,12,12
18.4924623115578,12,10
18.4924623115578,11,11
18.4924623115578,13,12
18.4924623115578,6,6
18.4924623115578,8,8
18.4924623115578,9,7
18.4924623115578,12,12
18.6934673366834,10,8
18.6934673366834,7,7
18.6934673366834,10,10
18.6934673366834,11,10
18.6934673366834,9,9
18.6934673366834,5,5
18.6934673366834,13,12
18.6934673366834,4,3
18.6934673366834,8,8
18.6934673366834,5,5
18.894472361809,7,7
18.894472361809,11,11
18.894472361809,6,6
18.894472361809,12,10
18.894472361809,10,10
18.894472361809,7,6
18.894472361809,6,6
18.894472361809,6,6
18.894472361809,11,11
18.894472361809,4,4
19.0954773869347,10,10
19.0954773869347,9,8
19.0954773869347,10,10
19.0954773869347,15,15
19.0954773869347,8,8
19.0954773869347,7,6
19.0954773869347,12,10
19.0954773869347,11,10
19.0954773869347,8,8
19.0954773869347,5,5
19.2964824120603,9,8
19.2964824120603,6,6
19.2964824120603,9,9
19.2964824120603,7,7
19.2964824120603,7,7
19.2964824120603,10,10
19.2964824120603,8,8
19.2964824120603,11,11
19.2964824120603,6,6
19.2964824120603,10,9
19.4974874371859,4,4
19.4974874371859,11,11
19.4974874371859,10,10
19.4974874371859,14,14
19.4974874371859,5,4
19.4974874371859,13,11
19.4974874371859,8,8
19.4974874371859,9,8
19.4974874371859,7,7
19.4974874371859,5,5
19.6984924623116,12,11
19.6984924623116,6,6
19.6984924623116,7,7
19.6984924623116,9,9
19.6984924623116,18,18
19.6984924623116,9,8
19.6984924623116,16,15
19.6984924623116,6,6
19.6984924623116,8,8
19.6984924623116,10,9
19.8994974874372,4,4
19.8994974874372,10,7
19.8994974874372,8,8
19.8994974874372,11,11
19.8994974874372,8,7
19.8994974874372,7,7
19.8994974874372,16,16
19.8994974874372,10,8
19.8994974874372,8,8
19.8994974874372,5,4
20.1005025125628,10,10
20.1005025125628,10,10
20.1005025125628,5,4
20.1005025125628,5,5
20.1005025125628,15,15
20.1005025125628,8,8
20.1005025125628,3,3
20.1005025125628,4,4
20.1005025125628,6,4
20.1005025125628,12,12
20.3015075376884,8,7
20.3015075376884,9,9
20.3015075376884,8,8
20.3015075376884,5,5
20.3015075376884,13,13
20.3015075376884,7,7
20.3015075376884,7,7
20.3015075376884,9,8
20.3015075376884,8,8
20.3015075376884,8,8
20.5025125628141,10,10
20.5025125628141,13,12
20.5025125628141,9,9
20.5025125628141,7,7
20.5025125628141,6,5
20.5025125628141,8,8
20.5025125628141,4,4
20.5025125628141,12,12
20.5025125628141,9,8
20.5025125628141,6,6
20.7035175879397,9,8
20.7035175879397,4,3
20.7035175879397,12,11
20.7035175879397,8,8
20.7035175879397,9,7
20.7035175879397,9,9
20.7035175879397,10,9
20.7035175879397,8,7
20.7035175879397,5,5
20.7035175879397,8,7
20.9045226130653,4,4
20.9045226130653,11,10
20.9045226130653,4,4
20.9045226130653,14,14
20.9045226130653,11,10
20.9045226130653,13,13
20.9045226130653,9,7
20.9045226130653,7,7
20.9045226130653,7,7
20.9045226130653,11,11
21.105527638191,17,17
21.105527638191,8,7
21.105527638191,11,9
21.105527638191,5,5
21.105527638191,9,9
21.105527638191,8,7
21.105527638191,10,8
21.105527638191,7,7
21.105527638191,5,4
21.105527638191,8,8
21.3065326633166,10,10
21.3065326633166,6,6
21.3065326633166,8,8
21.3065326633166,10,10
21.3065326633166,12,10
21.3065326633166,7,6
21.3065326633166,8,8
21.3065326633166,12,11
21.3065326633166,10,10
21.3065326633166,7,6
21.5075376884422,11,11
21.5075376884422,7,7
21.5075376884422,7,6
21.5075376884422,2,2
21.5075376884422,8,8
21.5075376884422,8,8
21.5075376884422,7,7
21.5075376884422,7,6
21.5075376884422,7,6
21.5075376884422,14,14
21.7085427135678,12,10
21.7085427135678,8,8
21.7085427135678,9,8
21.7085427135678,9,6
21.7085427135678,9,8
21.7085427135678,7,7
21.7085427135678,16,16
21.7085427135678,6,6
21.7085427135678,12,12
21.7085427135678,4,4
21.9095477386935,7,7
21.9095477386935,11,11
21.9095477386935,10,10
21.9095477386935,6,6
21.9095477386935,14,13
21.9095477386935,9,9
21.9095477386935,7,7
21.9095477386935,9,9
21.9095477386935,13,13
21.9095477386935,13,13
22.1105527638191,9,8
22.1105527638191,8,8
22.1105527638191,7,7
22.1105527638191,4,4
22.1105527638191,11,9
22.1105527638191,6,6
22.1105527638191,8,7
22.1105527638191,8,8
22.1105527638191,13,11
22.1105527638191,3,3
22.3115577889447,12,11
22.3115577889447,7,6
22.3115577889447,7,7
22.3115577889447,9,8
22.3115577889447,11,11
22.3115577889447,6,5
22.3115577889447,7,7
22.3115577889447,15,14
22.3115577889447,9,9
22.3115577889447,7,6
22.5125628140704,15,13
22.5125628140704,13,11
22.5125628140704,6,6
22.5125628140704,2,2
22.5125628140704,10,9
22.5125628140704,12,10
22.5125628140704,5,5
22.5125628140704,4,4
22.5125628140704,10,9
22.5125628140704,10,10
22.713567839196,9,9
22.713567839196,3,3
22.713567839196,10,10
22.713567839196,14,13
22.713567839196,12,12
22.713567839196,5,4
22.713567839196,8,8
22.713567839196,7,7
22.713567839196,9,8
22.713567839196,10,10
22.9145728643216,7,7
22.9145728643216,11,10
22.9145728643216,11,8
22.9145728643216,11,11
22.9145728643216,8,7
22.9145728643216,4,3
22.9145728643216,11,10
22.9145728643216,17,15
22.9145728643216,6,6
22.9145728643216,5,5
23.1155778894472,13,12
23.1155778894472,9,7
23.1155778894472,12,12
23.1155778894472,12,12
23.1155778894472,6,6
23.1155778894472,7,7
23.1155778894472,4,4
23.1155778894472,10,9
23.1155778894472,11,10
23.1155778894472,9,9
23.3165829145729,4,4
23.3165829145729,17,17
23.3165829145729,9,9
23.3165829145729,8,8
23.3165829145729,6,6
23.3165829145729,10,9
23.3165829145729,9,9
23.3165829145729,11,11
23.3165829145729,6,5
23.3165829145729,8,8
23.5175879396985,6,6
23.5175879396985,12,9
23.5175879396985,8,8
23.5175879396985,7,7
23.5175879396985,3,3
23.5175879396985,12,12
23.5175879396985,9,9
23.5175879396985,9,9
23.5175879396985,12,12
23.5175879396985,11,9
23.7185929648241,10,10
23.7185929648241,6,6
23.7185929648241,9,9
23.7185929648241,15,15
23.7185929648241,10,10
23.7185929648241,12,12
23.7185929648241,16,15
23.7185929648241,13,12
23.7185929648241,7,5
23.7185929648241,4,4
23.9195979899498,9,9
23.9195979899498,3,3
23.9195979899498,9,9
23.9195979899498,14,13
23.9195979899498,7,7
23.9195979899498,8,8
23.9195979899498,8,7
23.9195979899498,12,11
23.9195979899498,12,12
23.9195979899498,9,9
24.1206030150754,8,8
24.1206030150754,14,13
24.1206030150754,11,11
24.1206030150754,11,11
24.1206030150754,14,14
24.1206030150754,9,9
24.1206030150754,11,10
24.1206030150754,9,9
24.1206030150754,12,12
24.1206030150754,8,8
24.321608040201,11,9
24.321608040201,16,16
24.321608040201,9,8
24.321608040201,8,8
24.321608040201,7,4
24.321608040201,8,8
24.321608040201,6,6
24.321608040201,8,8
24.321608040201,8,8
24.321608040201,8,8
24.5226130653266,12,11
24.5226130653266,9,8
24.5226130653266,9,8
24.5226130653266,11,9
24.5226130653266,6,6
24.5226130653266,10,9
24.5226130653266,8,7
24.5226130653266,8,7
24.5226130653266,10,10
24.5226130653266,12,9
24.7236180904523,7,7
24.7236180904523,10,9
24.7236180904523,13,13
24.7236180904523,7,7
24.7236180904523,7,5
24.7236180904523,9,8
24.7236180904523,13,12
24.7236180904523,9,9
24.7236180904523,7,7
24.7236180904523,9,9
24.9246231155779,10,10
24.9246231155779,8,8
24.9246231155779,3,2
24.9246231155779,11,11
24.9246231155779,9,8
24.9246231155779,8,8
24.9246231155779,5,5
24.9246231155779,8,8
24.9246231155779,7,7
24.9246231155779,7,7
25.1256281407035,12,12
25.1256281407035,8,7
25.1256281407035,5,5
25.1256281407035,8,7
25.1256281407035,11,10
25.1256281407035,6,6
25.1256281407035,13,12
25.1256281407035,8,8
25.1256281407035,8,8
25.1256281407035,7,7
25.3266331658291,11,11
25.3266331658291,5,5
25.3266331658291,14,13
25.3266331658291,6,5
25.3266331658291,7,7
25.3266331658291,11,10
25.3266331658291,6,6
25.3266331658291,9,9
25.3266331658291,11,11
25.3266331658291,14,14
25.5276381909548,11,11
25.5276381909548,11,11
25.5276381909548,8,8
25.5276381909548,7,7
25.5276381909548,9,8
25.5276381909548,7,7
25.5276381909548,12,12
25.5276381909548,10,9
25.5276381909548,12,12
25.5276381909548,12,12
25.7286432160804,9,8
25.7286432160804,8,8
25.7286432160804,11,10
25.7286432160804,17,16
25.7286432160804,11,10
25.7286432160804,12,11
25.7286432160804,11,10
25.7286432160804,10,8
25.7286432160804,11,11
25.7286432160804,9,7
25.929648241206,13,12
25.929648241206,5,5
25.929648241206,15,15
25.929648241206,5,4
25.929648241206,9,8
25.929648241206,8,8
25.929648241206,6,4
25.929648241206,11,9
25.929648241206,10,9
25.929648241206,12,12
26.1306532663317,10,10
26.1306532663317,12,12
26.1306532663317,10,10
26.1306532663317,14,13
26.1306532663317,13,12
26.1306532663317,9,8
26.1306532663317,12,12
26.1306532663317,9,9
26.1306532663317,12,12
26.1306532663317,8,8
26.3316582914573,16,14
26.3316582914573,7,7
26.3316582914573,5,5
26.3316582914573,11,11
26.3316582914573,12,11
26.3316582914573,14,12
26.3316582914573,8,7
26.3316582914573,12,11
26.3316582914573,9,8
26.3316582914573,9,8
26.5326633165829,12,12
26.5326633165829,15,15
26.5326633165829,5,5
26.5326633165829,11,11
26.5326633165829,7,7
26.5326633165829,8,7
26.5326633165829,7,7
26.5326633165829,12,12
26.5326633165829,18,18
26.5326633165829,10,9
26.7336683417085,11,9
26.7336683417085,14,14
26.7336683417085,11,9
26.7336683417085,10,9
26.7336683417085,8,8
26.7336683417085,10,10
26.7336683417085,8,8
26.7336683417085,8,7
26.7336683417085,8,8
26.7336683417085,9,8
26.9346733668342,9,9
26.9346733668342,14,13
26.9346733668342,7,7
26.9346733668342,8,8
26.9346733668342,10,9
26.9346733668342,9,9
26.9346733668342,7,7
26.9346733668342,10,9
26.9346733668342,13,12
26.9346733668342,5,5
27.1356783919598,9,9
27.1356783919598,5,5
27.1356783919598,10,8
27.1356783919598,9,9
27.1356783919598,11,11
27.1356783919598,7,7
27.1356783919598,10,10
27.1356783919598,9,9
27.1356783919598,13,13
27.1356783919598,10,10
27.3366834170854,8,8
27.3366834170854,8,8
27.3366834170854,7,6
27.3366834170854,15,14
27.3366834170854,8,8
27.3366834170854,6,6
27.3366834170854,8,8
27.3366834170854,11,10
27.3366834170854,11,11
27.3366834170854,11,9
27.5376884422111,3,3
27.5376884422111,8,6
27.5376884422111,13,11
27.5376884422111,8,8
27.5376884422111,10,10
27.5376884422111,8,8
27.5376884422111,6,5
27.5376884422111,8,8
27.5376884422111,12,11
27.5376884422111,16,16
27.7386934673367,13,12
27.7386934673367,5,5
27.7386934673367,8,8
27.7386934673367,7,7
27.7386934673367,8,7
27.7386934673367,17,16
27.7386934673367,10,9
27.7386934673367,11,11
27.7386934673367,12,12
27.7386934673367,6,5
27.9396984924623,13,11
27.9396984924623,6,6
27.9396984924623,11,11
27.9396984924623,11,11
27.9396984924623,11,9
27.9396984924623,6,6
27.9396984924623,9,8
27.9396984924623,9,9
27.9396984924623,9,9
27.9396984924623,13,12
28.1407035175879,11,11
28.1407035175879,12,12
28.1407035175879,9,9
28.1407035175879,15,13
28.1407035175879,5,5
28.1407035175879,10,10
28.1407035175879,8,8
28.1407035175879,9,9
28.1407035175879,11,11
28.1407035175879,7,6
28.3417085427136,10,10
28.3417085427136,8,8
28.3417085427136,13,13
28.3417085427136,6,6
28.3417085427136,6,6
28.3417085427136,15,15
28.3417085427136,6,6
28.3417085427136,6,4
28.3417085427136,6,6
28.3417085427136,5,4
28.5427135678392,9,8
28.5427135678392,11,11
28.5427135678392,12,10
28.5427135678392,12,11
28.5427135678392,11,10
28.5427135678392,9,6
28.5427135678392,11,11
28.5427135678392,15,14
28.5427135678392,9,9
28.5427135678392,8,8
28.7437185929648,12,10
28.7437185929648,7,7
28.7437185929648,7,7
28.7437185929648,9,9
28.7437185929648,10,9
28.7437185929648,10,10
28.7437185929648,6,5
28.7437185929648,6,5
28.7437185929648,8,6
28.7437185929648,11,10
28.9447236180905,9,9
28.9447236180905,12,12
28.9447236180905,14,14
28.9447236180905,9,9
28.9447236180905,5,5
28.9447236180905,10,10
28.9447236180905,11,11
28.9447236180905,8,8
28.9447236180905,9,9
28.9447236180905,7,7
29.1457286432161,14,14
29.1457286432161,9,9
29.1457286432161,10,10
29.1457286432161,7,7
29.1457286432161,6,6
29.1457286432161,5,5
29.1457286432161,12,12
29.1457286432161,12,10
29.1457286432161,7,7
29.1457286432161,13,13
29.3467336683417,11,11
29.3467336683417,11,11
29.3467336683417,17,16
29.3467336683417,4,3
29.3467336683417,9,9
29.3467336683417,9,9
29.3467336683417,10,9
29.3467336683417,5,5
29.3467336683417,11,10
29.3467336683417,5,5
29.5477386934673,10,10
29.5477386934673,11,10
29.5477386934673,9,9
29.5477386934673,10,10
29.5477386934673,7,6
29.5477386934673,10,9
29.5477386934673,8,8
29.5477386934673,6,6
29.5477386934673,8,8
29.5477386934673,7,6
29.748743718593,7,7
29.748743718593,10,10
29.748743718593,9,9
29.748743718593,9,8
29.748743718593,7,7
29.748743718593,13,12
29.748743718593,13,12
29.748743718593,8,7
29.748743718593,10,10
29.748743718593,12,12
29.9497487437186,15,15
29.9497487437186,14,14
29.9497487437186,8,8
29.9497487437186,6,6
29.9497487437186,12,12
29.9497487437186,6,6
29.9497487437186,6,6
29.9497487437186,8,8
29.9497487437186,13,13
29.9497487437186,10,9
30.1507537688442,10,9
30.1507537688442,14,14
30.1507537688442,10,10
30.1507537688442,3,3
30.1507537688442,12,11
30.1507537688442,10,10
30.1507537688442,9,9
30.1507537688442,8,8
30.1507537688442,7,6
30.1507537688442,9,9
30.3517587939699,7,7
30.3517587939699,5,5
30.3517587939699,7,7
30.3517587939699,7,7
30.3517587939699,7,6
30.3517587939699,10,10
30.3517587939699,12,12
30.3517587939699,12,12
30.3517587939699,12,10
30.3517587939699,11,11
30.5527638190955,13,12
30.5527638190955,12,12
30.5527638190955,7,7
30.5527638190955,18,18
30.5527638190955,6,5
30.5527638190955,11,10
30.5527638190955,7,7
30.5527638190955,7,7
30.5527638190955,8,7
30.5527638190955,7,6
30.7537688442211,9,7
30.7537688442211,15,13
30.7537688442211,9,9
30.7537688442211,10,10
30.7537688442211,10,10
30.7537688442211,11,10
30.7537688442211,9,9
30.7537688442211,13,12
30.7537688442211,14,13
30.7537688442211,12,12
30.9547738693467,8,8
30.9547738693467,12,12
30.9547738693467,6,6
30.9547738693467,9,8
30.9547738693467,10,8
30.9547738693467,11,10
30.9547738693467,8,7
30.9547738693467,11,10
30.9547738693467,13,12
30.9547738693467,5,5
31.1557788944724,6,6
31.1557788944724,13,10
31.1557788944724,9,9
31.1557788944724,9,9
31.1557788944724,15,14
31.1557788944724,12,11
31.1557788944724,16,15
31.1557788944724,7,7
31.1557788944724,6,6
31.1557788944724,8,8
31.356783919598,9,9
31.356783919598,10,10
31.356783919598,16,15
31.356783919598,9,9
31.356783919598,9,9
31.356783919598,18,18
31.356783919598,7,7
31.356783919598,11,11
31.356783919598,15,13
31.356783919598,11,10
31.5577889447236,8,7
31.5577889447236,10,10
31.5577889447236,2,2
31.5577889447236,13,13
31.5577889447236,9,9
31.5577889447236,8,8
31.5577889447236,15,15
31.5577889447236,9,9
31.5577889447236,8,7
31.5577889447236,5,4
31.7587939698492,10,9
31.7587939698492,6,6
31.7587939698492,5,5
31.7587939698492,10,9
31.7587939698492,8,7
31.7587939698492,8,7
31.7587939698492,11,10
31.7587939698492,13,13
31.7587939698492,8,8
31.7587939698492,15,14
31.9597989949749,15,15
31.9597989949749,7,7
31.9597989949749,12,12
31.9597989949749,10,10
31.9597989949749,14,12
31.9597989949749,10,10
31.9597989949749,11,9
31.9597989949749,12,12
31.9597989949749,9,9
31.9597989949749,7,7
32.1608040201005,4,3
32.1608040201005,9,8
32.1608040201005,11,11
32.1608040201005,8,6
32.1608040201005,10,10
32.1608040201005,7,7
32.1608040201005,8,7
32.1608040201005,11,10
32.1608040201005,13,12
32.1608040201005,13,13
32.3618090452261,7,7
32.3618090452261,9,9
32.3618090452261,13,12
32.3618090452261,7,7
32.3618090452261,16,14
32.3618090452261,10,10
32.3618090452261,7,7
32.3618090452261,12,12
32.3618090452261,11,11
32.3618090452261,10,10
32.5628140703518,7,7
32.5628140703518,5,5
32.5628140703518,7,7
32.5628140703518,8,7
32.5628140703518,11,11
32.5628140703518,17,17
32.5628140703518,7,7
32.5628140703518,12,12
32.5628140703518,13,13
32.5628140703518,9,8
32.7638190954774,7,7
32.7638190954774,12,12
32.7638190954774,9,7
32.7638190954774,6,6
32.7638190954774,13,12
32.7638190954774,11,11
32.7638190954774,6,6
32.7638190954774,14,14
32.7638190954774,4,4
32.7638190954774,5,4
32.964824120603,17,17
32.964824120603,11,11
32.964824120603,9,9
32.964824120603,9,9
32.964824120603,12,12
32.964824120603,5,4
32.964824120603,11,11
32.964824120603,11,11
32.964824120603,9,8
32.964824120603,10,10
33.1658291457286,8,8
33.1658291457286,7,6
33.1658291457286,9,9
33.1658291457286,14,14
33.1658291457286,7,7
33.1658291457286,8,7
33.1658291457286,8,7
33.1658291457286,6,5
33.1658291457286,10,9
33.1658291457286,13,12
33.3668341708543,14,13
33.3668341708543,11,11
33.3668341708543,9,9
33.3668341708543,8,8
33.3668341708543,11,11
33.3668341708543,13,13
33.3668341708543,14,12
33.3668341708543,5,5
33.3668341708543,9,8
33.3668341708543,6,6
33.5678391959799,7,7
33.5678391959799,13,11
33.5678391959799,7,7
33.5678391959799,6,6
33.5678391959799,10,10
33.5678391959799,8,8
33.5678391959799,9,9
33.5678391959799,12,11
33.5678391959799,13,12
33.5678391959799,11,11
33.7688442211055,9,9
33.7688442211055,11,11
33.7688442211055,7,7
33.7688442211055,10,10
33.7688442211055,11,11
33.7688442211055,10,10
33.7688442211055,8,8
33.7688442211055,8,8
33.7688442211055,7,7
33.7688442211055,12,12
33.9698492462312,9,9
33.9698492462312,8,8
33.9698492462312,12,12
33.9698492462312,7,7
33.9698492462312,13,13
33.9698492462312,12,12
33.9698492462312,13,13
33.9698492462312,8,8
33.9698492462312,9,8
33.9698492462312,13,12
34.1708542713568,9,9
34.1708542713568,10,9
34.1708542713568,11,11
34.1708542713568,15,15
34.1708542713568,10,10
34.1708542713568,11,10
34.1708542713568,10,10
34.1708542713568,14,13
34.1708542713568,13,13
34.1708542713568,7,6
34.3718592964824,7,7
34.3718592964824,7,7
34.3718592964824,12,12
34.3718592964824,7,7
34.3718592964824,17,16
34.3718592964824,11,11
34.3718592964824,7,7
34.3718592964824,13,13
34.3718592964824,14,13
34.3718592964824,16,16
34.572864321608,10,10
34.572864321608,10,9
34.572864321608,7,7
34.572864321608,10,8
34.572864321608,10,10
34.572864321608,7,6
34.572864321608,9,8
34.572864321608,10,9
34.572864321608,7,7
34.572864321608,11,11
34.7738693467337,4,4
34.7738693467337,8,8
34.7738693467337,10,9
34.7738693467337,8,8
34.7738693467337,10,10
34.7738693467337,8,6
34.7738693467337,6,5
34.7738693467337,14,14
34.7738693467337,11,11
34.7738693467337,11,11
34.9748743718593,11,11
34.9748743718593,12,11
34.9748743718593,13,12
34.9748743718593,10,9
34.9748743718593,7,6
34.9748743718593,9,9
34.9748743718593,13,12
34.9748743718593,7,7
34.9748743718593,8,7
34.9748743718593,16,15
35.1758793969849,12,10
35.1758793969849,7,6
35.1758793969849,22,21
35.1758793969849,5,5
35.1758793969849,9,9
35.1758793969849,9,7
35.1758793969849,9,9
35.1758793969849,6,6
35.1758793969849,9,8
35.1758793969849,10,10
35.3768844221105,17,16
35.3768844221105,7,6
35.3768844221105,8,7
35.3768844221105,8,8
35.3768844221105,8,8
35.3768844221105,7,7
35.3768844221105,4,4
35.3768844221105,9,8
35.3768844221105,7,7
35.3768844221105,13,13
35.5778894472362,10,10
35.5778894472362,14,12
35.5778894472362,16,13
35.5778894472362,10,9
35.5778894472362,6,6
35.5778894472362,14,13
35.5778894472362,10,9
35.5778894472362,13,12
35.5778894472362,9,9
35.5778894472362,10,10
35.7788944723618,5,5
35.7788944723618,14,14
35.7788944723618,11,11
35.7788944723618,6,5
35.7788944723618,11,10
35.7788944723618,9,8
35.7788944723618,6,6
35.7788944723618,7,7
35.7788944723618,8,7
35.7788944723618,7,6
35.9798994974874,11,11
35.9798994974874,12,9
35.9798994974874,10,10
35.9798994974874,10,8
35.9798994974874,11,9
35.9798994974874,17,17
35.9798994974874,11,10
35.9798994974874,10,10
35.9798994974874,14,14
35.9798994974874,10,10
36.1809045226131,8,8
36.1809045226131,15,13
36.1809045226131,9,8
36.1809045226131,10,10
36.1809045226131,11,10
36.1809045226131,11,11
36.1809045226131,7,7
36.1809045226131,6,5
36.1809045226131,8,8
36.1809045226131,13,12
36.3819095477387,10,7
36.3819095477387,9,7
36.3819095477387,9,8
36.3819095477387,12,12
36.3819095477387,11,11
36.3819095477387,11,8
36.3819095477387,7,7
36.3819095477387,9,9
36.3819095477387,10,10
36.3819095477387,9,9
36.5829145728643,9,9
36.5829145728643,8,7
36.5829145728643,12,12
36.5829145728643,9,9
36.5829145728643,11,11
36.5829145728643,9,9
36.5829145728643,12,12
36.5829145728643,15,14
36.5829145728643,10,10
36.5829145728643,14,14
36.78391959799,7,7
36.78391959799,13,10
36.78391959799,6,6
36.78391959799,9,9
36.78391959799,4,4
36.78391959799,12,12
36.78391959799,7,6
36.78391959799,7,7
36.78391959799,7,6
36.78391959799,11,10
36.9849246231156,7,7
36.9849246231156,8,8
36.9849246231156,12,10
36.9849246231156,10,10
36.9849246231156,14,14
36.9849246231156,5,5
36.9849246231156,9,9
36.9849246231156,10,10
36.9849246231156,10,8
36.9849246231156,13,11
37.1859296482412,6,6
37.1859296482412,8,8
37.1859296482412,2,2
37.1859296482412,15,15
37.1859296482412,12,12
37.1859296482412,12,12
37.1859296482412,6,6
37.1859296482412,8,7
37.1859296482412,7,7
37.1859296482412,10,7
37.3869346733668,12,12
37.3869346733668,11,10
37.3869346733668,11,10
37.3869346733668,11,10
37.3869346733668,12,10
37.3869346733668,13,11
37.3869346733668,11,11
37.3869346733668,7,6
37.3869346733668,10,8
37.3869346733668,7,6
37.5879396984925,14,14
37.5879396984925,6,5
37.5879396984925,8,8
37.5879396984925,10,10
37.5879396984925,9,9
37.5879396984925,12,12
37.5879396984925,10,10
37.5879396984925,7,7
37.5879396984925,11,11
37.5879396984925,7,7
37.7889447236181,11,11
37.7889447236181,11,9
37.7889447236181,7,7
37.7889447236181,7,7
37.7889447236181,7,7
37.7889447236181,7,7
37.7889447236181,7,7
37.7889447236181,15,14
37.7889447236181,4,4
37.7889447236181,15,15
37.9899497487437,4,3
37.9899497487437,16,15
37.9899497487437,8,5
37.9899497487437,10,9
37.9899497487437,13,12
37.9899497487437,14,14
37.9899497487437,7,6
37.9899497487437,11,10
37.9899497487437,15,15
37.9899497487437,16,15
38.1909547738693,6,5
38.1909547738693,7,5
38.1909547738693,12,12
38.1909547738693,5,4
38.1909547738693,5,5
38.1909547738693,10,10
38.1909547738693,13,13
38.1909547738693,19,17
38.1909547738693,3,2
38.1909547738693,10,10
38.391959798995,13,13
38.391959798995,14,14
38.391959798995,13,13
38.391959798995,13,13
38.391959798995,12,11
38.391959798995,6,6
38.391959798995,10,10
38.391959798995,7,6
38.391959798995,13,13
38.391959798995,15,15
38.5929648241206,7,7
38.5929648241206,14,13
38.5929648241206,9,8
38.5929648241206,9,8
38.5929648241206,8,8
38.5929648241206,13,13
38.5929648241206,12,11
38.5929648241206,9,9
38.5929648241206,11,10
38.5929648241206,15,15
38.7939698492462,7,7
38.7939698492462,8,7
38.7939698492462,11,11
38.7939698492462,12,12
38.7939698492462,13,12
38.7939698492462,9,7
38.7939698492462,6,6
38.7939698492462,6,6
38.7939698492462,9,9
38.7939698492462,13,13
38.9949748743719,7,6
38.9949748743719,12,12
38.9949748743719,11,10
38.9949748743719,4,4
38.9949748743719,12,11
38.9949748743719,14,13
38.9949748743719,10,9
38.9949748743719,13,13
38.9949748743719,6,6
38.9949748743719,12,11
39.1959798994975,14,13
39.1959798994975,13,13
39.1959798994975,8,6
39.1959798994975,7,7
39.1959798994975,10,10
39.1959798994975,9,8
39.1959798994975,9,9
39.1959798994975,18,17
39.1959798994975,10,10
39.1959798994975,15,15
39.3969849246231,10,10
39.3969849246231,9,8
39.3969849246231,12,10
39.3969849246231,12,11
39.3969849246231,9,9
39.3969849246231,5,4
39.3969849246231,6,6
39.3969849246231,12,11
39.3969849246231,11,9
39.3969849246231,4,4
39.5979899497487,10,9
39.5979899497487,12,12
39.5979899497487,6,6
39.5979899497487,7,7
39.5979899497487,13,13
39.5979899497487,6,5
39.5979899497487,14,14
39.5979899497487,14,12
39.5979899497487,4,4
39.5979899497487,9,9
39.7989949748744,7,7
39.7989949748744,10,10
39.7989949748744,6,6
39.7989949748744,5,5
39.7989949748744,15,15
39.7989949748744,16,16
39.7989949748744,9,9
39.7989949748744,11,10
39.7989949748744,5,5
39.7989949748744,7,7
40,5,5
40,9,8
40,7,7
40,18,15
40,9,8
40,15,14
40,12,12
40,10,10
40,10,9
40,11,11
